sensor_id,model,RMSE,R2,MAE,d
LON__AQM389_S1,Linear,5.2821,0.2423,4.0658,0.8039
LON__AQM389_S1,Ridge,5.2811,0.2426,4.065,0.8039
LON__AQM389_S1,kNN,4.5677,0.4334,3.309,0.8593
LON__AQM389_S1,SVR,5.1207,0.2879,3.6629,0.8427
LON__AQM389_S1,MLP,5.8815,0.0606,4.2491,0.8269
LON__AQM389_S1,GradBoost,6.278,-0.0704,4.5621,0.8143
LON__AQM389_S1,RandomForest,5.8191,0.0804,4.2659,0.8293
LON__AQY874_S1,Linear,6.0257,0.2281,4.3722,0.7187
LON__AQY874_S1,Ridge,6.0257,0.2281,4.3722,0.7187
LON__AQY874_S1,kNN,5.6111,0.3307,3.7876,0.6671
LON__AQY874_S1,SVR,5.4735,0.3631,3.7787,0.6853
LON__AQY874_S1,MLP,5.3959,0.3811,3.7824,0.732
LON__AQY874_S1,GradBoost,5.054,0.457,3.5545,0.7553
LON__AQY874_S1,RandomForest,5.2056,0.4239,3.5373,0.7212
LON__Ari086_S1,Linear,17.9533,-7.0341,4.6817,0.0894
LON__Ari086_S1,Ridge,17.9299,-7.0132,4.6813,0.0896
LON__Ari086_S1,kNN,5.6581,0.202,3.9096,0.6916
LON__Ari086_S1,SVR,4.9545,0.3881,3.3922,0.7668
LON__Ari086_S1,MLP,79.5539,-156.7513,5.1327,0.016
LON__Ari086_S1,GradBoost,5.9,0.1323,4.0964,0.7916
LON__Ari086_S1,RandomForest,5.0641,0.3608,3.5852,0.8237
MCH__AP1_S1,Linear,2.5892,0.9296,1.9533,0.9817
MCH__AP1_S1,Ridge,2.5888,0.9297,1.9531,0.9817
MCH__AP1_S1,kNN,3.8135,0.8474,2.7959,0.9527
MCH__AP1_S1,SVR,3.5166,0.8702,2.3779,0.9603
MCH__AP1_S1,MLP,3.2711,0.8877,2.3,0.9711
MCH__AP1_S1,GradBoost,2.1665,0.9507,1.5919,0.9865
MCH__AP1_S1,RandomForest,2.2418,0.9473,1.5979,0.9853
MCH__AP2_S1,Linear,4.4736,0.79,2.1897,0.945
MCH__AP2_S1,Ridge,4.4762,0.7897,2.1893,0.9449
MCH__AP2_S1,kNN,3.6759,0.8582,2.654,0.9563
MCH__AP2_S1,SVR,3.2696,0.8878,2.1734,0.9656
MCH__AP2_S1,MLP,3.1142,0.8982,2.1151,0.9737
MCH__AP2_S1,GradBoost,2.4929,0.9348,1.8597,0.9817
MCH__AP2_S1,RandomForest,2.8276,0.9161,2.1023,0.9757
MCH__AP3_S1,Linear,11.9401,-0.4961,2.7208,0.7
MCH__AP3_S1,Ridge,11.9553,-0.4999,2.7208,0.6995
MCH__AP3_S1,kNN,3.9907,0.8329,2.9336,0.9472
MCH__AP3_S1,SVR,3.88,0.842,2.8615,0.9507
MCH__AP3_S1,MLP,10.6643,-0.1935,2.9799,0.7504
MCH__AP3_S1,GradBoost,3.3943,0.8791,2.6698,0.9642
MCH__AP3_S1,RandomForest,3.5006,0.8714,2.6533,0.9617
MCH__AQM1_S1,Linear,5.0768,0.686,2.4759,0.9271
MCH__AQM1_S1,Ridge,5.0735,0.6864,2.4746,0.9271
MCH__AQM1_S1,kNN,3.2979,0.8675,2.4511,0.9604
MCH__AQM1_S1,SVR,2.9214,0.896,2.0959,0.9718
MCH__AQM1_S1,MLP,5.7907,0.5914,2.0357,0.908
MCH__AQM1_S1,GradBoost,2.3804,0.931,1.6998,0.9822
MCH__AQM1_S1,RandomForest,2.3495,0.9327,1.6847,0.9826
MCH__AQM2_S1,Linear,5.1095,0.6819,2.0491,0.9274
MCH__AQM2_S1,Ridge,5.1062,0.6823,2.0481,0.9274
MCH__AQM2_S1,kNN,3.2044,0.8749,2.4052,0.9631
MCH__AQM2_S1,SVR,2.9017,0.8974,2.0467,0.9721
MCH__AQM2_S1,MLP,5.781,0.5928,1.9158,0.9076
MCH__AQM2_S1,GradBoost,2.5126,0.9231,1.7843,0.9803
MCH__AQM2_S1,RandomForest,2.4163,0.9289,1.6995,0.9816
MCH__AQM388_S1,Linear,5.7828,0.5813,4.8012,0.8472
MCH__AQM388_S1,Ridge,5.7822,0.5813,4.8008,0.8472
MCH__AQM388_S1,kNN,4.4823,0.7484,3.3944,0.9212
MCH__AQM388_S1,SVR,5.2705,0.6522,4.1635,0.9041
MCH__AQM388_S1,MLP,7.8089,0.2364,5.8652,0.8564
MCH__AQM388_S1,GradBoost,5.293,0.6492,4.0759,0.9108
MCH__AQM388_S1,RandomForest,5.4892,0.6227,4.1244,0.9007
MCH__AQM389_S1,Linear,19.5406,-3.8064,14.5467,0.5716
MCH__AQM389_S1,Ridge,19.5116,-3.7921,14.5261,0.5721
MCH__AQM389_S1,kNN,12.0846,-0.8383,9.1262,0.6727
MCH__AQM389_S1,SVR,15.0554,-1.8532,11.1533,0.5422
MCH__AQM389_S1,MLP,21.1304,-4.6203,15.5568,0.5407
MCH__AQM389_S1,GradBoost,17.4927,-2.8518,12.7709,0.5318
MCH__AQM389_S1,RandomForest,18.2075,-3.1729,13.628,0.545
MCH__AQM390_S1,Linear,5.7858,0.5782,4.6947,0.8719
MCH__AQM390_S1,Ridge,5.7852,0.5783,4.6943,0.8719
MCH__AQM390_S1,kNN,4.8724,0.7009,3.6609,0.9168
MCH__AQM390_S1,SVR,6.7594,0.4243,5.4388,0.8624
MCH__AQM390_S1,MLP,8.2019,0.1523,6.5335,0.8449
MCH__AQM390_S1,GradBoost,5.9522,0.5536,4.6361,0.8852
MCH__AQM390_S1,RandomForest,5.5772,0.6081,4.1558,0.8938
MCH__AQM391_S1,Linear,13.0772,-1.2284,10.8934,0.7148
MCH__AQM391_S1,Ridge,13.0653,-1.2243,10.885,0.715
MCH__AQM391_S1,kNN,9.1953,-0.1018,7.4081,0.7789
MCH__AQM391_S1,SVR,13.9408,-1.5324,11.5515,0.5883
MCH__AQM391_S1,MLP,17.9049,-3.1773,14.47,0.6201
MCH__AQM391_S1,GradBoost,14.8043,-1.8558,12.1125,0.6187
MCH__AQM391_S1,RandomForest,14.5019,-1.7403,12.0054,0.6404
MCH__AQM3_S1,Linear,4.9285,0.704,2.683,0.9284
MCH__AQM3_S1,Ridge,4.9258,0.7044,2.6819,0.9285
MCH__AQM3_S1,kNN,3.3331,0.8646,2.4925,0.9589
MCH__AQM3_S1,SVR,2.8211,0.903,1.9846,0.9734
MCH__AQM3_S1,MLP,5.1981,0.6708,1.9772,0.9236
MCH__AQM3_S1,GradBoost,2.5187,0.9227,1.835,0.9796
MCH__AQM3_S1,RandomForest,2.4722,0.9255,1.7539,0.9805
MCH__AQY872_S1,Linear,10.806,-1.2107,9.5428,0.6286
MCH__AQY872_S1,Ridge,10.8055,-1.2105,9.5423,0.6286
MCH__AQY872_S1,kNN,5.9543,0.3288,4.0503,0.7527
MCH__AQY872_S1,SVR,6.2584,0.2585,4.841,0.6849
MCH__AQY872_S1,MLP,7.63,-0.1022,6.0309,0.7091
MCH__AQY872_S1,GradBoost,5.6777,0.3897,3.8686,0.7723
MCH__AQY872_S1,RandomForest,5.8129,0.3603,3.9654,0.7518
MCH__AQY873_S1,Linear,6.6326,-0.0197,5.3898,0.7707
MCH__AQY873_S1,Ridge,6.6324,-0.0197,5.3897,0.7707
MCH__AQY873_S1,kNN,4.6958,0.4889,3.2603,0.8097
MCH__AQY873_S1,SVR,4.3736,0.5566,3.2768,0.8531
MCH__AQY873_S1,MLP,5.7388,0.2366,4.372,0.8124
MCH__AQY873_S1,GradBoost,4.0208,0.6253,2.7991,0.8738
MCH__AQY873_S1,RandomForest,4.1295,0.6047,2.852,0.8577
MCH__AQY874_S1,Linear,7.1182,0.3505,6.3195,0.8488
MCH__AQY874_S1,Ridge,7.076,0.3582,6.2827,0.8502
MCH__AQY874_S1,kNN,4.5767,0.7315,3.251,0.8981
MCH__AQY874_S1,SVR,5.0913,0.6677,3.8567,0.8874
MCH__AQY874_S1,MLP,5.3102,0.6386,4.3369,0.8944
MCH__AQY874_S1,GradBoost,4.4639,0.7446,3.2409,0.9193
MCH__AQY874_S1,RandomForest,4.1678,0.7773,3.0553,0.9268
MCH__AQY875_S1,Linear,6.6488,0.3565,5.2646,0.7931
MCH__AQY875_S1,Ridge,6.6368,0.3588,5.2512,0.7936
MCH__AQY875_S1,kNN,5.4321,0.5705,3.733,0.816
MCH__AQY875_S1,SVR,5.3714,0.58,3.8486,0.8342
MCH__AQY875_S1,MLP,5.4146,0.5732,3.89,0.8482
MCH__AQY875_S1,GradBoost,5.0784,0.6246,3.3661,0.8603
MCH__AQY875_S1,RandomForest,5.2437,0.5997,3.472,0.8494
MCH__Ari063_S1,Linear,4.7295,0.7355,3.7437,0.9012
MCH__Ari063_S1,Ridge,4.73,0.7354,3.7442,0.9011
MCH__Ari063_S1,kNN,4.4904,0.7616,3.3617,0.9218
MCH__Ari063_S1,SVR,4.0796,0.8032,3.0247,0.9388
MCH__Ari063_S1,MLP,4.5619,0.7539,3.4302,0.9362
MCH__Ari063_S1,GradBoost,3.5334,0.8524,2.6326,0.9575
MCH__Ari063_S1,RandomForest,3.6846,0.8395,2.6724,0.9564
MCH__Ari078_S1,Linear,4.1192,0.81,3.081,0.9511
MCH__Ari078_S1,Ridge,4.1178,0.8101,3.0797,0.9511
MCH__Ari078_S1,kNN,4.49,0.7742,3.3037,0.9304
MCH__Ari078_S1,SVR,4.0886,0.8128,2.9998,0.9424
MCH__Ari078_S1,MLP,4.2457,0.7981,3.1865,0.9432
MCH__Ari078_S1,GradBoost,3.8091,0.8375,2.796,0.9526
MCH__Ari078_S1,RandomForest,3.7215,0.8449,2.7573,0.9549
MCH__Ari086_S1,Linear,2.6652,0.9161,2.0844,0.9802
MCH__Ari086_S1,Ridge,2.653,0.9168,2.0756,0.9803
MCH__Ari086_S1,kNN,3.2239,0.8772,2.4302,0.9615
MCH__Ari086_S1,SVR,3.514,0.8541,2.4163,0.9565
MCH__Ari086_S1,MLP,2.8269,0.9056,2.1552,0.9772
MCH__Ari086_S1,GradBoost,2.4328,0.9301,1.8173,0.9824
MCH__Ari086_S1,RandomForest,2.369,0.9337,1.7564,0.9837
MCH__IMB1_S1,Linear,3.718,0.833,3.0004,0.9527
MCH__IMB1_S1,Ridge,3.7172,0.8331,3.0002,0.9527
MCH__IMB1_S1,kNN,3.4045,0.86,2.6882,0.9564
MCH__IMB1_S1,SVR,3.4136,0.8592,2.6571,0.9598
MCH__IMB1_S1,MLP,3.2411,0.8731,2.5471,0.9649
MCH__IMB1_S1,GradBoost,3.7763,0.8277,2.9671,0.9511
MCH__IMB1_S1,RandomForest,3.8092,0.8247,2.9996,0.95
MCH__IMB1_S2,Linear,5.3476,0.6546,4.3988,0.9019
MCH__IMB1_S2,Ridge,5.3465,0.6547,4.3984,0.9019
MCH__IMB1_S2,kNN,4.7295,0.7298,3.8186,0.9152
MCH__IMB1_S2,SVR,5.5011,0.6344,4.3699,0.8948
MCH__IMB1_S2,MLP,5.118,0.6836,4.127,0.9109
MCH__IMB1_S2,GradBoost,5.6192,0.6186,4.4304,0.8922
MCH__IMB1_S2,RandomForest,5.3464,0.6547,4.2429,0.9003
MCH__IMB1_S3,Linear,5.2604,0.6657,4.3816,0.9002
MCH__IMB1_S3,Ridge,5.2596,0.6658,4.3814,0.9002
MCH__IMB1_S3,kNN,4.7065,0.7324,3.8388,0.9145
MCH__IMB1_S3,SVR,5.1687,0.6773,4.1167,0.9048
MCH__IMB1_S3,MLP,4.9297,0.7064,3.9917,0.9157
MCH__IMB1_S3,GradBoost,5.3438,0.655,4.2552,0.9001
MCH__IMB1_S3,RandomForest,5.1183,0.6835,4.0837,0.9073
MCH__IMB2_S1,Linear,4.6997,0.6103,3.9649,0.8966
MCH__IMB2_S1,Ridge,4.6973,0.6107,3.9631,0.8967
MCH__IMB2_S1,kNN,3.2921,0.8088,2.5659,0.9436
MCH__IMB2_S1,SVR,4.0083,0.7165,3.1636,0.9226
MCH__IMB2_S1,MLP,4.003,0.7173,3.3174,0.9292
MCH__IMB2_S1,GradBoost,3.8802,0.7343,3.2015,0.9333
MCH__IMB2_S1,RandomForest,4.0493,0.7107,3.3215,0.9257
MCH__IMB2_S2,Linear,6.0576,0.3525,5.3368,0.8279
MCH__IMB2_S2,Ridge,6.0557,0.3529,5.3354,0.828
MCH__IMB2_S2,kNN,4.6068,0.6255,3.7065,0.8873
MCH__IMB2_S2,SVR,5.7295,0.4208,4.9243,0.8511
MCH__IMB2_S2,MLP,6.0513,0.3539,5.2653,0.8491
MCH__IMB2_S2,GradBoost,5.7472,0.4172,4.9466,0.8552
MCH__IMB2_S2,RandomForest,5.5178,0.4628,4.7472,0.8619
MCH__IMB2_S3,Linear,4.0632,0.7087,3.5298,0.9198
MCH__IMB2_S3,Ridge,4.0618,0.7089,3.5288,0.9198
MCH__IMB2_S3,kNN,3.826,0.7417,2.9742,0.9205
MCH__IMB2_S3,SVR,4.018,0.7151,3.3318,0.9234
MCH__IMB2_S3,MLP,4.0527,0.7102,3.4689,0.9272
MCH__IMB2_S3,GradBoost,3.804,0.7447,3.1779,0.9345
MCH__IMB2_S3,RandomForest,3.4024,0.7957,2.7609,0.9463
MCH__NS1_S1,Linear,3.834,0.8424,3.2242,0.963
MCH__NS1_S1,Ridge,3.8343,0.8424,3.2244,0.963
MCH__NS1_S1,kNN,3.8395,0.8419,3.0275,0.9544
MCH__NS1_S1,SVR,3.6023,0.8609,2.7633,0.9638
MCH__NS1_S1,MLP,4.3638,0.7958,3.404,0.9546
MCH__NS1_S1,GradBoost,3.1354,0.8946,2.5349,0.9736
MCH__NS1_S1,RandomForest,2.9702,0.9054,2.2999,0.9756
MCH__NS2_S1,Linear,3.6536,0.8569,2.9899,0.9662
MCH__NS2_S1,Ridge,3.6543,0.8568,2.9909,0.9662
MCH__NS2_S1,kNN,4.6386,0.7694,3.6893,0.9309
MCH__NS2_S1,SVR,3.6442,0.8576,2.6787,0.9632
MCH__NS2_S1,MLP,3.9519,0.8326,3.0078,0.9653
MCH__NS2_S1,GradBoost,3.3006,0.8832,2.5821,0.9711
MCH__NS2_S1,RandomForest,3.3339,0.8809,2.663,0.9691
MCH__NS3_S1,Linear,2.7559,0.9183,2.1828,0.9807
MCH__NS3_S1,Ridge,2.7564,0.9182,2.1835,0.9807
MCH__NS3_S1,kNN,3.9952,0.8282,3.1305,0.9487
MCH__NS3_S1,SVR,3.2579,0.8858,2.3439,0.9699
MCH__NS3_S1,MLP,3.1164,0.8955,2.4273,0.9766
MCH__NS3_S1,GradBoost,2.8705,0.9113,2.1843,0.9777
MCH__NS3_S1,RandomForest,2.8859,0.9104,2.2097,0.9767
MCH__Poll1_S1,Linear,4.2847,0.8056,3.3151,0.948
MCH__Poll1_S1,Ridge,4.2834,0.8058,3.3142,0.948
MCH__Poll1_S1,kNN,4.9385,0.7418,3.5323,0.9142
MCH__Poll1_S1,SVR,3.8366,0.8442,2.6161,0.9555
MCH__Poll1_S1,MLP,4.0972,0.8223,3.0843,0.9589
MCH__Poll1_S1,GradBoost,2.9592,0.9073,2.2231,0.9753
MCH__Poll1_S1,RandomForest,3.2937,0.8852,2.4614,0.9687
MCH__Poll2_S1,Linear,5.5455,0.6255,2.8772,0.897
MCH__Poll2_S1,Ridge,5.547,0.6253,2.877,0.8969
MCH__Poll2_S1,kNN,4.8423,0.7144,3.3038,0.9013
MCH__Poll2_S1,SVR,3.7858,0.8254,2.5197,0.9481
MCH__Poll2_S1,MLP,18.3706,-3.1102,2.6519,0.466
MCH__Poll2_S1,GradBoost,3.1573,0.8786,2.2232,0.9664
MCH__Poll2_S1,RandomForest,3.0925,0.8835,2.2225,0.9675
MCH__Prax1_S1,Linear,4.4349,0.7566,2.1021,0.9405
MCH__Prax1_S1,Ridge,4.4257,0.7576,2.1007,0.9408
MCH__Prax1_S1,kNN,3.5251,0.8462,2.4937,0.9518
MCH__Prax1_S1,SVR,3.3467,0.8614,1.8972,0.9583
MCH__Prax1_S1,MLP,2.6064,0.9159,1.6132,0.9783
MCH__Prax1_S1,GradBoost,2.2178,0.9391,1.5311,0.9832
MCH__Prax1_S1,RandomForest,2.2045,0.9398,1.542,0.9834
MCH__Prax2_S1,Linear,3.6442,0.8356,2.0351,0.959
MCH__Prax2_S1,Ridge,3.6295,0.8369,2.0338,0.9593
MCH__Prax2_S1,kNN,3.436,0.8539,2.4342,0.9547
MCH__Prax2_S1,SVR,3.119,0.8796,1.9574,0.9642
MCH__Prax2_S1,MLP,3.6984,0.8307,1.9311,0.9583
MCH__Prax2_S1,GradBoost,2.4971,0.9228,1.7994,0.9794
MCH__Prax2_S1,RandomForest,2.8583,0.8989,1.94,0.9728
MCH__SA1_S1,Linear,5.0179,0.5841,3.8705,0.8821
MCH__SA1_S1,Ridge,5.0177,0.5841,3.8701,0.882
MCH__SA1_S1,kNN,5.0601,0.5771,3.4098,0.8498
MCH__SA1_S1,SVR,5.4847,0.5031,3.8305,0.8036
MCH__SA1_S1,MLP,5.2299,0.5482,3.9022,0.8652
MCH__SA1_S1,GradBoost,4.8847,0.6059,3.4584,0.8729
MCH__SA1_S1,RandomForest,5.4149,0.5157,3.9964,0.864
MCH__SA2_S1,Linear,6.0588,0.4004,4.6177,0.8133
MCH__SA2_S1,Ridge,6.0569,0.4008,4.6157,0.8134
MCH__SA2_S1,kNN,5.4274,0.5189,3.636,0.8296
MCH__SA2_S1,SVR,5.5362,0.4994,3.838,0.8066
MCH__SA2_S1,MLP,4.9988,0.5919,3.437,0.8506
MCH__SA2_S1,GradBoost,5.4787,0.5097,3.7588,0.8348
MCH__SA2_S1,RandomForest,5.7365,0.4625,4.1028,0.8348
MCH__SA3_S1,Linear,6.7051,0.2597,5.1632,0.7643
MCH__SA3_S1,Ridge,6.7031,0.2601,5.1607,0.7643
MCH__SA3_S1,kNN,5.7014,0.4647,3.8693,0.7887
MCH__SA3_S1,SVR,6.4004,0.3254,4.6238,0.7013
MCH__SA3_S1,MLP,6.3616,0.3336,4.5946,0.76
MCH__SA3_S1,GradBoost,5.1708,0.5597,3.656,0.8378
MCH__SA3_S1,RandomForest,5.4958,0.5026,4.17,0.826
YRK__AQM391_S1,Linear,6.9522,0.8072,5.4896,0.9387
YRK__AQM391_S1,Ridge,6.9524,0.8072,5.4898,0.9387
YRK__AQM391_S1,kNN,7.2353,0.7912,5.4183,0.9323
YRK__AQM391_S1,SVR,7.4698,0.7774,5.1064,0.9232
YRK__AQM391_S1,MLP,5.8067,0.8655,4.4485,0.9627
YRK__AQM391_S1,GradBoost,5.8423,0.8638,4.5125,0.9625
YRK__AQM391_S1,RandomForest,5.2614,0.8896,4.1233,0.9687
YRK__AQY875_S1,Linear,13.1728,0.3584,9.2984,0.7897
YRK__AQY875_S1,Ridge,13.1712,0.3585,9.297,0.7897
YRK__AQY875_S1,kNN,12.6169,0.4114,8.7995,0.7592
YRK__AQY875_S1,SVR,12.789,0.3952,8.8952,0.7722
YRK__AQY875_S1,MLP,11.7488,0.4896,8.3764,0.8392
YRK__AQY875_S1,GradBoost,11.4478,0.5154,7.8862,0.827
YRK__AQY875_S1,RandomForest,11.2315,0.5336,7.8379,0.8228
YRK__AQY875_S2,Linear,12.4795,0.2662,10.1984,0.8041
YRK__AQY875_S2,Ridge,12.4791,0.2662,10.1978,0.8041
YRK__AQY875_S2,kNN,9.8236,0.5453,7.005,0.847
YRK__AQY875_S2,SVR,9.7308,0.5538,7.0281,0.863
YRK__AQY875_S2,MLP,10.5369,0.4768,7.7726,0.8685
YRK__AQY875_S2,GradBoost,9.3146,0.5912,6.8097,0.8788
YRK__AQY875_S2,RandomForest,8.9525,0.6223,6.4778,0.8808
YRK__Ari093_S1,Linear,7.1714,0.7923,5.5306,0.9405
YRK__Ari093_S1,Ridge,7.1711,0.7924,5.5303,0.9405
YRK__Ari093_S1,kNN,7.532,0.7709,5.6434,0.9282
YRK__Ari093_S1,SVR,7.6003,0.7668,5.1936,0.925
YRK__Ari093_S1,MLP,6.2736,0.8411,4.7483,0.956
YRK__Ari093_S1,GradBoost,6.7934,0.8137,5.118,0.9453
YRK__Ari093_S1,RandomForest,7.0898,0.797,5.2494,0.9361
