sensor_id,detector,precision,recall,f1
LON__AQM389_S1,Z-score,0.082,0.156,0.108
LON__AQM389_S1,IQR,0.128,0.338,0.186
LON__AQM389_S1,Consensus,0.008,1.0,0.017
LON__AQM389_S1,Ensemble(ours),0.009,1.0,0.018
LON__AQM389_S1,IsolationForest,0.051,0.416,0.09
LON__AQM389_S1,OneClassSVM,0.067,0.468,0.117
LON__AQM389_S1,Autoencoder,0.118,0.442,0.186
LON__AQY874_S1,Z-score,0.193,0.319,0.24
LON__AQY874_S1,IQR,0.088,0.275,0.133
LON__AQY874_S1,Consensus,0.003,0.406,0.006
LON__AQY874_S1,Ensemble(ours),0.002,0.275,0.005
LON__AQY874_S1,IsolationForest,0.01,0.652,0.02
LON__AQY874_S1,OneClassSVM,0.01,0.652,0.02
LON__AQY874_S1,Autoencoder,0.027,0.522,0.052
LON__Ari086_S1,Z-score,0.239,0.582,0.339
LON__Ari086_S1,IQR,0.164,0.655,0.263
LON__Ari086_S1,Consensus,0.008,0.982,0.015
LON__Ari086_S1,Ensemble(ours),0.008,1.0,0.016
LON__Ari086_S1,IsolationForest,0.063,0.418,0.11
LON__Ari086_S1,OneClassSVM,0.075,0.655,0.135
LON__Ari086_S1,Autoencoder,0.131,0.582,0.213
MCH__AQM388_S1,Z-score,0.133,0.273,0.179
MCH__AQM388_S1,IQR,0.19,0.5,0.275
MCH__AQM388_S1,Consensus,0.009,0.909,0.017
MCH__AQM388_S1,Ensemble(ours),0.01,1.0,0.02
MCH__AQM388_S1,IsolationForest,0.033,0.75,0.064
MCH__AQM388_S1,OneClassSVM,0.054,0.693,0.101
MCH__AQM388_S1,Autoencoder,0.124,0.477,0.197
MCH__AQM390_S1,Z-score,0.082,0.156,0.107
MCH__AQM390_S1,IQR,0.136,0.338,0.194
MCH__AQM390_S1,Consensus,0.008,0.896,0.015
MCH__AQM390_S1,Ensemble(ours),0.008,1.0,0.016
MCH__AQM390_S1,IsolationForest,0.022,0.442,0.041
MCH__AQM390_S1,OneClassSVM,0.034,0.532,0.064
MCH__AQM390_S1,Autoencoder,0.052,0.364,0.092
MCH__AQY872_S1,Z-score,0.193,0.259,0.221
MCH__AQY872_S1,IQR,0.214,0.294,0.248
MCH__AQY872_S1,Consensus,0.005,0.824,0.01
MCH__AQY872_S1,Ensemble(ours),0.005,0.929,0.01
MCH__AQY872_S1,IsolationForest,0.013,0.953,0.026
MCH__AQY872_S1,OneClassSVM,0.013,1.0,0.026
MCH__AQY872_S1,Autoencoder,0.015,0.659,0.03
MCH__AQY873_S1,Z-score,0.01,0.022,0.014
MCH__AQY873_S1,IQR,0.047,0.13,0.069
MCH__AQY873_S1,Consensus,0.003,0.87,0.007
MCH__AQY873_S1,Ensemble(ours),0.003,0.978,0.005
MCH__AQY873_S1,IsolationForest,0.007,0.848,0.015
MCH__AQY873_S1,OneClassSVM,0.007,1.0,0.013
MCH__AQY873_S1,Autoencoder,0.009,1.0,0.017
MCH__Ari063_S1,Z-score,0.235,0.247,0.241
MCH__Ari063_S1,IQR,0.266,0.273,0.269
MCH__Ari063_S1,Consensus,0.01,0.974,0.02
MCH__Ari063_S1,Ensemble(ours),0.013,1.0,0.025
MCH__Ari063_S1,IsolationForest,0.016,0.39,0.031
MCH__Ari063_S1,OneClassSVM,0.058,0.649,0.106
MCH__Ari063_S1,Autoencoder,0.128,0.61,0.212
MCH__Ari078_S1,Z-score,0.072,0.085,0.078
MCH__Ari078_S1,IQR,0.105,0.244,0.147
MCH__Ari078_S1,Consensus,0.019,0.695,0.037
MCH__Ari078_S1,Ensemble(ours),0.046,0.646,0.086
MCH__Ari078_S1,IsolationForest,0.074,0.341,0.121
MCH__Ari078_S1,OneClassSVM,0.066,0.476,0.116
MCH__Ari078_S1,Autoencoder,0.071,0.207,0.106
MCH__IMB2_S1,Z-score,0.122,0.162,0.14
MCH__IMB2_S1,IQR,0.202,0.243,0.221
MCH__IMB2_S1,Consensus,0.023,0.959,0.045
MCH__IMB2_S1,Ensemble(ours),0.012,0.297,0.023
MCH__IMB2_S1,IsolationForest,0.033,0.122,0.052
MCH__IMB2_S1,OneClassSVM,0.058,0.243,0.094
MCH__IMB2_S1,Autoencoder,0.093,0.216,0.13
MCH__IMB2_S2,Z-score,0.135,0.154,0.144
MCH__IMB2_S2,IQR,0.34,0.396,0.365
MCH__IMB2_S2,Consensus,0.022,0.934,0.044
MCH__IMB2_S2,Ensemble(ours),0.017,0.44,0.033
MCH__IMB2_S2,IsolationForest,0.083,0.275,0.128
MCH__IMB2_S2,OneClassSVM,0.124,0.473,0.197
MCH__IMB2_S2,Autoencoder,0.157,0.33,0.213
MCH__IMB2_S3,Z-score,0.167,0.143,0.154
MCH__IMB2_S3,IQR,0.236,0.173,0.2
MCH__IMB2_S3,Consensus,0.035,0.867,0.067
MCH__IMB2_S3,Ensemble(ours),0.043,0.51,0.079
MCH__IMB2_S3,IsolationForest,0.075,0.224,0.112
MCH__IMB2_S3,OneClassSVM,0.065,0.224,0.1
MCH__IMB2_S3,Autoencoder,0.158,0.265,0.198
MCH__Poll2_S1,Z-score,0.136,0.205,0.164
MCH__Poll2_S1,IQR,0.209,0.205,0.207
MCH__Poll2_S1,Consensus,0.006,0.909,0.011
MCH__Poll2_S1,Ensemble(ours),0.003,0.318,0.007
MCH__Poll2_S1,IsolationForest,0.041,0.386,0.074
MCH__Poll2_S1,OneClassSVM,0.046,0.477,0.083
MCH__Poll2_S1,Autoencoder,0.0,0.0,
MCH__Prax1_S1,Z-score,0.006,0.017,0.009
MCH__Prax1_S1,IQR,0.07,0.45,0.121
MCH__Prax1_S1,Consensus,0.006,0.817,0.012
MCH__Prax1_S1,Ensemble(ours),0.007,0.433,0.013
MCH__Prax1_S1,IsolationForest,0.021,0.267,0.039
MCH__Prax1_S1,OneClassSVM,0.033,0.417,0.061
MCH__Prax1_S1,Autoencoder,0.042,0.267,0.073
MCH__Prax2_S1,Z-score,0.072,0.1,0.084
MCH__Prax2_S1,IQR,0.127,0.167,0.144
MCH__Prax2_S1,Consensus,0.009,0.7,0.018
MCH__Prax2_S1,Ensemble(ours),0.011,0.317,0.021
MCH__Prax2_S1,IsolationForest,0.0,0.0,
MCH__Prax2_S1,OneClassSVM,0.015,0.183,0.027
MCH__Prax2_S1,Autoencoder,0.004,0.017,0.007
YRK__AQM391_S1,Z-score,0.194,0.236,0.213
YRK__AQM391_S1,IQR,0.231,0.273,0.25
YRK__AQM391_S1,Consensus,0.007,0.982,0.013
YRK__AQM391_S1,Ensemble(ours),0.008,0.673,0.016
YRK__AQM391_S1,IsolationForest,0.025,0.836,0.049
YRK__AQM391_S1,OneClassSVM,0.03,0.982,0.059
YRK__AQM391_S1,Autoencoder,0.046,0.582,0.085
YRK__AQY875_S2,Z-score,0.2,0.132,0.159
YRK__AQY875_S2,IQR,0.241,0.22,0.23
YRK__AQY875_S2,Consensus,0.0,0.0,
YRK__AQY875_S2,Ensemble(ours),0.016,0.187,0.029
YRK__AQY875_S2,IsolationForest,0.015,0.626,0.029
YRK__AQY875_S2,OneClassSVM,0.016,0.901,0.031
YRK__AQY875_S2,Autoencoder,0.012,0.495,0.024
YRK__Ari093_S1,Z-score,0.142,0.195,0.164
YRK__Ari093_S1,IQR,0.126,0.299,0.178
YRK__Ari093_S1,Consensus,0.011,0.792,0.022
YRK__Ari093_S1,Ensemble(ours),0.014,0.74,0.028
YRK__Ari093_S1,IsolationForest,0.019,0.623,0.037
YRK__Ari093_S1,OneClassSVM,0.019,0.649,0.037
YRK__Ari093_S1,Autoencoder,0.036,0.623,0.069
